{
    "parameters": [
      {
        "name": "appVersion",
        "type": "ComponentDict"
      }
    ],
    "conditions": [
      {
        "condition": "appVersion.state !== State.Success",
        "result": "false"
      },
      {
        "condition": "/headless/i.test(appVersion.value)",
        "result": "BotKind.HeadlessChrome"
      },
      {
        "condition": "/electron/i.test(appVersion.value)",
        "result": "BotKind.Electron"
      },
      {
        "condition": "/slimerjs/i.test(appVersion.value)",
        "result": "BotKind.SlimerJS"
      }
    ]
  }