{
    "parameters": [
      {
        "name": "notificationPermissions",
        "type": "ComponentDict"
      },
      {
        "name": "browserKind",
        "type": "ComponentDict"
      }
    ],
    "conditions": [
      {
        "condition": "browserKind.state !== State.Success || browserKind.value !== BrowserKind.Chrome",
        "result": "false"
      },
      {
        "condition": "notificationPermissions.state === State.Success && notificationPermissions.value",
        "result": "BotKind.HeadlessChrome"
      }
    ]
  }