{
    "parameters": [
      {
        "name": "pluginsLength",
        "condition": "pluginsLength.state === State.Success",
        "botKind": "-"
      },
      {
        "name": "android",
        "condition": "android.state === State.Success",
        "botKind": "-"
      },
      {
        "name": "browserKind",
        "condition": "browserKind.state === State.Success",
        "botKind": "-"
      },
      {
        "name": "browserEngineKind",
        "condition": "browserEngineKind.state === State.Success",
        "botKind": "-"
      },
      {
        "name": "browserKind",
        "condition": "browserKind.value === BrowserKind.Chrome",
        "botKind": "-"
      },
      {
        "name": "android",
        "condition": "!android.value",
        "botKind": "-"
      },
      {
        "name": "browserEngineKind",
        "condition": "browserEngineKind.value === BrowserEngineKind.Chromium",
        "botKind": "-"
      },
      {
        "name": "pluginsLength",
        "condition": "pluginsLength.value === 0",
        "botKind": "BotKind.HeadlessChrome"
      }
    ]
  }
  