[
    {
      "Parameter": "productSub",
      "Condition": "productSub.state === State.Success",
      "Bot Kind Detected (if applicable)": "-"
    },
    {
      "Parameter": "browserKind",
      "Condition": "browserKind.state === State.Success",
      "Bot Kind Detected (if applicable)": "-"
    },
    {
      "Condition": "(browserKind.value === BrowserKind.Chrome || browserKind.value === BrowserKind.Safari || browserKind.value === BrowserKind.Opera || browserKind.value === BrowserKind.WeChat) && productSub.value !== '20030107'",
      "Bot Kind Detected (if applicable)": "BotKind.Unknown"
    }
  ]
  