{
    "BotDetectionResult": {
      "botTrue": {
        "bot": true,
        "botKind": "BotKind"
      },
      "botFalse": {
        "bot": false
      }
    },
    "State": {
      "Success": 0,
      "Undefined": -1,
      "NotFunction": -2,
      "UnexpectedBehaviour": -3,
      "Null": -4
    },
    "BotKind": {
      "Awesomium": "awesomium",
      "Cef": "cef",
      "CefSharp": "cefsharp",
      "CoachJS": "coachjs",
      "Electron": "electron",
      "FMiner": "fminer",
      "Geb": "geb",
      "NightmareJS": "nightmarejs",
      "Phantomas": "phantomas",
      "PhantomJS": "phantomjs",
      "Rhino": "rhino",
      "Selenium": "selenium",
      "Sequentum": "sequentum",
      "SlimerJS": "slimerjs",
      "WebDriverIO": "webdriverio",
      "WebDriver": "webdriver",
      "HeadlessChrome": "headless_chrome",
      "Unknown": "unknown"
    },
    "DetectorResponse": ["boolean", "BotKind", "undefined"],
    "Component": {
      "Success": {
        "state": "State.Success",
        "value": "T"
      },
      "Error": {
        "state": ["State.Undefined", "State.NotFunction", "State.UnexpectedBehaviour", "State.Null"],
        "error": "string"
      }
    },
    "DefaultSourceDict": "typeof sources",
    "DefaultDetectorDict": "typeof detectors",
    "SourceResponse": "T extends (...args: any[]) => any ? Awaited<ReturnType<T>> : T",
    "AbstractDetector": "(components: T) => DetectorResponse",
    "AbstractSourceDict": "Record<string, SourceResponse<any>>",
    "AbstractDetectorDict": "Record<string, AbstractDetector<T>>",
    "AbstractComponentDict": "Record<string, Component<any>>",
    "AbstractDetectionsDict": "Record<string, BotDetectionResult>",
    "DetectionDict": "Record<keyof T, BotDetectionResult>",
    "ComponentDict": {
      "Key": "K in keyof T",
      "Value": "Component<SourceResponse<T[K]>>"
    },
    "BotDetectorInterface": {
      "detect": "BotDetectionResult",
      "collect": "Promise<AbstractComponentDict>",
      "getComponents": "AbstractComponentDict | undefined",
      "getDetections": "AbstractDetectionsDict | undefined"
    },
    "BotdError": {
      "state": "Exclude<State, State.Success>",
      "constructor": {
        "state": "Exclude<State, State.Success>",
        "message": "string"
      }
    },
    "BrowserEngineKind": {
      "Unknown": "unknown",
      "Chromium": "chromium",
      "Gecko": "gecko",
      "Webkit": "webkit"
    },
    "BrowserKind": {
      "Unknown": "unknown",
      "Chrome": "chrome",
      "Firefox": "firefox",
      "Opera": "opera",
      "Safari": "safari",
      "IE": "internet_explorer",
      "WeChat": "wechat",
      "Edge": "edge"
    }
  }
  